{
    "control_uefi": [
        { "VTOY_DEFAULT_MENU_MODE": "1" },
        { "VTOY_FILT_DOT_UNDERSCORE_FILE": "0" },
        { "VTOY_DEFAULT_SEARCH_ROOT": "/_ISO" },
        { "VTOY_MENU_TIMEOUT": "5" },
        { "VTOY_DEFAULT_IMAGE": "/_ISO/LINUX/linuxmint-20-cinnamon-64bit.iso" }
    ],
    "control_ia32": [
        { "VTOY_DEFAULT_MENU_MODE": "1" },
        { "VTOY_FILT_DOT_UNDERSCORE_FILE": "0" },
        { "VTOY_DEFAULT_SEARCH_ROOT": "/_ISO" },
        { "VTOY_MENU_TIMEOUT": "5" },
        { "VTOY_DEFAULT_IMAGE": "/_ISO/LINUX/xubuntu-18.04.3-desktop-i386.iso" }
    ],
	    "control_legacy": [
        { "VTOY_DEFAULT_MENU_MODE": "1" },
        { "VTOY_FILT_DOT_UNDERSCORE_FILE": "0" },
        { "VTOY_DEFAULT_SEARCH_ROOT": "/_ISO" },
        { "VTOY_MENU_TIMEOUT": "5" },
        { "VTOY_DEFAULT_IMAGE": "/_ISO/LINUX/linuxmint-20-cinnamon-64bit.iso" }
    ],

    "injection": [
        {
            "image": "/_ISO/WINDOWS/WIN10/Windows10_32_64.iso",
            "archive": "/sources.zip"
        }

    ],
	    "theme": {
        "file": "/ventoy/themes/ventoy_slack/theme.txt",       
        "ventoy_color": "#ffff00",
        "ventoy_left": "5%",
        "ventoy_top": "95%"
    }
}
